{
	"type": "twilight:twilight",
	"generator": {
		"type": "minecraft:noise",
		"seed": 0,
		"settings": "twilight:twilight",

		"biome_source": {
			"seed": 0,
			"type": "minecraft:multi_noise",

			"weirdness_noise": {
				"firstOctave": -7,
				"amplitudes": [
					1.0,
					1.0
				]
			},
	
			"altitude_noise": {
				"firstOctave": -7,
				"amplitudes": [
					1.0,
					1.0
				]
			},
	
			"temperature_noise": {
				"firstOctave": -7,
				"amplitudes": [
					1.0,
					1.0
				]
			},

			"humidity_noise": {
				"firstOctave": -7,
				"amplitudes": [
					1.0,
					1.0
				]
			},

			"biomes": [
				{
					"biome": "twilight:twilight_plains",
					"parameters": {
						"altitude": 1.0,
						"weirdness": 0.1,
						"offset": 0.2,
						"temperature": 1.0,
						"humidity": 1.0
					}
				},

				{
					"biome": "twilight:mushroom_forest",
					"parameters": {
						"altitude": 1.0,
						"weirdness": 1.0,
						"offset": 0.0,
						"temperature": 1.0,
						"humidity": 1.0
					}
				},

				{
					"biome": "twilight:ender_mountains",
					"parameters": {
						"altitude": 1.5,
						"weirdness": 1.8,
						"offset": 0.0,
						"temperature": 0.2,
						"humidity": 0.0
					}
				},

				{
					"biome": "minecraft:nether_wastes",
					"parameters": {
						"altitude": 0.7,
						"weirdness": 1.2,
						"offset": 0.0,
						"temperature": 2.0,
						"humidity": -1.0
					}
				},

				{
					"biome": "minecraft:dripstone_caves",
					"parameters": {
						"altitude": -2.0,
						"weirdness": 0.3,
						"offset": 0.0,
						"temperature": 0.8,
						"humidity": 0.9
					}
				},

				{
					"biome": "minecraft:lush_caves",
					"parameters": {
						"altitude": -2.0,
						"weirdness": 0.3,
						"offset": 0.1,
						"temperature": 0.5,
						"humidity": 0.9
					}
				}
			]
		}
	}
}
