{
	"scale": 0.5,
	"effects": {
	  "mood_sound": {
		"sound": "minecraft:ambient.cave",
		"tick_delay": 6000,
		"block_search_extent": 8,
		"offset": 2.0
	  },
	  "sky_color": 8233727,
	  "fog_color": 12638463,
	  "water_color": 4159204,
	  "water_fog_color": 329011
	},
	"surface_builder": "twilight:ender_mountains",
	"carvers": {
	  "air": [
		"minecraft:cave",
		"minecraft:canyon"
	  ]
	},
	"features": [
	  [],
	  [],
	  [
		"minecraft:amethyst_geode"
	  ],
	  [
		"minecraft:monster_room"
	  ],
	  [],
	  [],
	  [
		"minecraft:ore_tuff",
		"minecraft:ore_deepslate",
		"minecraft:ore_coal",
		"minecraft:ore_iron",
		"minecraft:ore_gold",
		"minecraft:ore_redstone",
		"minecraft:ore_diamond",
		"minecraft:ore_copper"
	  ],
	  [],
	  [
		  "minecraft:end_spike"
	  ],
	  [
		"minecraft:chorus_plant"
	  ]
	],
	"starts": [
	  "minecraft:mineshaft",
	  "minecraft:stronghold",
	  "minecraft:ruined_portal_mountain",
	  "minecraft:end_city",
	  "minecraft:igloo",
	  "minecraft:fortress",
	  "minecraft:pillager_outpost",
	  "minecraft:bastion_remnant",
	  "minecraft:shipwreck",
	  "minecraft:ocean_ruin_warm"
	],
	"spawners": {
	  "monster": [
		{
		  "type": "minecraft:cave_spider",
		  "weight": 5,
		  "minCount": 4,
		  "maxCount": 4
		},
		{
		  "type": "minecraft:stray",
		  "weight": 5,
		  "minCount": 2,
		  "maxCount": 6
		},
		{
		  "type": "minecraft:creeper",
		  "weight": 100,
		  "minCount": 4,
		  "maxCount": 4
		},
		{
		  "type": "minecraft:slime",
		  "weight": 100,
		  "minCount": 4,
		  "maxCount": 4
		},
		{
		  "type": "minecraft:enderman",
		  "weight": 100,
		  "minCount": 1,
		  "maxCount": 4
		},
		{
		  "type": "minecraft:witch",
		  "weight": 15,
		  "minCount": 1,
		  "maxCount": 1
		}
	  ],
	  "creature": [
		{
		  "type": "minecraft:llama",
		  "weight": 5,
		  "minCount": 4,
		  "maxCount": 6
		},
		{
		  "type": "minecraft:goat",
		  "weight": 10,
		  "minCount": 4,
		  "maxCount": 6
		}
	  ],
	  "ambient": [
		{
		  "type": "minecraft:bat",
		  "weight": 10,
		  "minCount": 8,
		  "maxCount": 8
		}
	  ],
	  "underground_water_creature": [
		{
		  "type": "minecraft:glow_squid",
		  "weight": 10,
		  "minCount": 4,
		  "maxCount": 6
		},
		{
		  "type": "minecraft:axolotl",
		  "weight": 10,
		  "minCount": 4,
		  "maxCount": 6
		}
	  ],
	  "water_creature": [],
	  "water_ambient": [],
	  "misc": []
	},
	"spawn_costs": {},
	"player_spawn_friendly": false,
	"precipitation": "none",
	"temperature": 0.2,
	"downfall": 0.3,
	"category": "extreme_hills",
	"depth": 1.0
  }