{
	"effects": {
		"mood_sound": {
			"sound": "minecraft:ambient.cave",
			"tick_delay": 6000,
			"block_search_extent": 8,
			"offset": 2
		},
		"sky_color": 8262703,
		"fog_color": 7036283,
		"foliage_color": 10179126,
		"grass_color": 13195310,
		"water_color": 5000375,
		"water_fog_color": 329011
	},
	"carvers": {
		"air": [
			"minecraft:cave",
			"minecraft:canyon"
		]
	},
	"starts": [
		"minecraft:village_plains",
		"minecraft:mineshaft",
		"minecraft:stronghold",
		"minecraft:ruined_portal",
		"twilight:test_tower",
		"minecraft:end_city"
	],
	"features": [
		[],
		[
			"minecraft:lake_water"
		],
		[],
		[
			"minecraft:amethyst_geode",
			"minecraft:monster_room"
		],
		[],
		[],
		[
			"minecraft:ore_dirt",
			"minecraft:ore_gravel",
			"minecraft:ore_granite",
			"minecraft:ore_diorite",
			"minecraft:ore_andesite",
			"minecraft:ore_tuff",
			"minecraft:ore_coal",
			"minecraft:ore_iron",
			"minecraft:ore_gold",
			"minecraft:ore_redstone",
			"minecraft:ore_diamond",
			"minecraft:ore_lapis",
			"minecraft:ore_copper",
			"minecraft:disk_sand",
			"minecraft:disk_clay",
			"minecraft:disk_gravel"
		],
		[
			"minecraft:rare_dripstone_cluster",
			"minecraft:rare_small_dripstone"
		],
		[
			"twilight:mushroom_forest_vegetation",
			"minecraft:glow_lichen",
			"minecraft:brown_mushroom_normal",
			"minecraft:red_mushroom_normal",
			"minecraft:patch_sugar_cane",
			"minecraft:patch_pumpkin",
			"minecraft:spring_water"
		],
		[
			"minecraft:freeze_top_layer"
		]
	],
	"spawners": {
		"ambient": [
			{
				"type": "minecraft:bat",
				"weight": 10,
				"minCount": 8,
				"maxCount": 8
			}
		],
		"creature": [
			{
				"type": "minecraft:mooshroom",
				"weight": 95,
				"minCount": 4,
				"maxCount": 8
			},
			{
				"type": "minecraft:cow",
				"weight": 5,
				"minCount": 1,
				"maxCount": 3
			}
		],
		"misc": [],
		"monster": [
			{
				"type": "minecraft:spider",
				"weight": 100,
				"minCount": 4,
				"maxCount": 4
			},
			{
				"type": "minecraft:zombie",
				"weight": 95,
				"minCount": 4,
				"maxCount": 4
			},
			{
				"type": "minecraft:slime",
				"weight": 100,
				"minCount": 4,
				"maxCount": 4
			},
			{
				"type": "minecraft:enderman",
				"weight": 10,
				"minCount": 1,
				"maxCount": 4
			},
			{
				"type": "minecraft:witch",
				"weight": 5,
				"minCount": 1,
				"maxCount": 1
			}
		],
		"water_ambient": [],
		"water_creature": []
	},
	"category": "forest",
	"precipitation": "rain",
	"surface_builder": "minecraft:grass",
	"scale": 0.05,
	"downfall": 0.4,
	"depth": 0.12,
	"temperature": 0.8,
	"player_spawn_friendly": true,
	"spawn_costs": {}
}
