{
	"config": {
	  "cap_provider": {
		"state": {
		  "Properties": {
			"west": "true",
			"up": "true",
			"south": "true",
			"north": "true",
			"east": "true",
			"down": "false"
		  },
		  "Name": "minecraft:red_mushroom_block"
		},
		"type": "minecraft:simple_state_provider"
	  },
	  "stem_provider": {
		"state": {
		  "Properties": {
			"west": "true",
			"up": "false",
			"south": "true",
			"north": "true",
			"east": "true",
			"down": "false"
		  },
		  "Name": "minecraft:mushroom_stem"
		},
		"type": "minecraft:simple_state_provider"
	  },
	  "foliage_radius": 4
	},
	"type": "minecraft:huge_red_mushroom"
  }