{
	"type": "minecraft:block",
	"pools": [
		{
			"rolls": 1,
			"entries": [
				{
					"type": "minecraft:alternatives",
					"children": [
						{
							"type": "minecraft:item",
							"name": "minecraft:glass",
							"conditions": [
								{
									"condition": "minecraft:entity_properties",
									"entity": "this",
									"predicate": {
										"equipment": {
											"mainhand": {
												"nbt": "{Ignis:1b}"
											}
										}
									}
								}
							]
						},

						{
							"type": "minecraft:item",
							"name": "minecraft:red_sand",
							"conditions": [
								{
									"condition": "minecraft:survives_explosion"
								}
							]
						}
					]
				}
			]
		}
	]
}