{
	"type": "minecraft:block",
	"pools": [
		{
			"rolls": 1,
			"entries": [
				{
					"type": "minecraft:alternatives",
					"children": [
						{
							"type": "minecraft:item",
							"name": "minecraft:stone",
							"conditions": [
								{
									"condition": "alternative",
									"terms": [
										{
											"condition": "minecraft:entity_properties",
											"entity": "this",
											"predicate": {
												"equipment": {
													"mainhand": {
														"nbt": "{Ignis:1b}"
													}
												}
											}
										},
		
										{
											"condition": "minecraft:match_tool",
											"predicate": {
												"enchantments": [
													{
														"enchantment": "minecraft:silk_touch",
														"levels": {
															"min": 1
														}
													}
												]
											}
										}
									]
								}
							]
						},

						{
							"type": "minecraft:item",
							"name": "minecraft:cobblestone",
							"conditions": [
								{
									"condition": "minecraft:survives_explosion"
								}
							]
						}
					]
				}
			]
		}
	]
}