{
	"bedrock_floor_position": 0,
	"bedrock_roof_position": -999999,
	"sea_level": 62,

	"disable_mob_generation": false,
	"noise_caves_enabled": true,
	"noodle_caves_enabled": true,
	"deepslate_enabled": true,
	"ore_veins_enabled": true,
	"aquifers_enabled": true,

	"min_surface_level": 0,

	"default_block": {
		"Name": "minecraft:stone"
	},

	"default_fluid": {
		"Name": "minecraft:water",
		"Properties": {
			"level": "0"
		}
	},

	"structures": {
		"structures": {
			"minecraft:village": {
				"spacing": 32,
				"separation": 8,
				"salt": 10387312
			},

			"minecraft:desert_pyramid": {
				"spacing": 32,
				"separation": 8,
				"salt": 3895895
			},

			"minecraft:igloo": {
				"spacing": 32,
				"separation": 4,
				"salt": 12346
			},

			"minecraft:jungle_pyramid": {
				"spacing": 34,
				"separation": 10,
				"salt": 94595
			},

			"minecraft:swamp_hut": {
				"spacing": 128,
				"separation": 32,
				"salt": 2384489
			},

			"minecraft:pillager_outpost": {
				"spacing": 10,
				"separation": 5,
				"salt": 14
			},

			"minecraft:stronghold": {
				"spacing": 1,
				"separation": 0,
				"salt": 0
			},

			"minecraft:monument": {
				"spacing": 32,
				"separation": 5,
				"salt": 1034856
			},

			"minecraft:endcity": {
				"spacing": 20,
				"separation": 15,
				"salt": 69343940
			},

			"minecraft:mansion": {
				"spacing": 32,
				"separation": 16,
				"salt": 15
			},

			"minecraft:buried_treasure": {
				"spacing": 1,
				"separation": 0,
				"salt": 0
			},

			"minecraft:mineshaft": {
				"spacing": 1,
				"separation": 0,
				"salt": 0
			},

			"minecraft:ruined_portal": {
				"spacing": 25,
				"separation": 15,
				"salt": 2384585
			},

			"minecraft:shipwreck": {
				"spacing": 24,
				"separation": 4,
				"salt": 16878790
			},

			"minecraft:ocean_ruin": {
				"spacing": 20,
				"separation": 8,
				"salt": 14356785
			},

			"minecraft:bastion_remnant": {
				"spacing": 32,
				"separation": 8,
				"salt": 30084232
			},

			"minecraft:fortress": {
				"spacing": 27,
				"separation": 5,
				"salt": 399999999
			},

			"minecraft:nether_fossil": {
				"spacing": 2,
				"separation": 1,
				"salt": 14435667
			}
		}
	},

	"noise": {
		"top_slide": {
			"target": -10,
			"size": 3,
			"offset": 0
		},

		"bottom_slide": {
			"target": -30,
			"size": 0,
			"offset": 0
		},

		"sampling": {
			"xz_scale": 1.0,
			"xz_factor": 80,
			"y_scale": 1.0,
			"y_factor": 160
		},

		"size_vertical": 2,
		"size_horizontal": 1,

		"min_y": 0,
		"height": 256,

		"density_factor": 1,
		"density_offset": -0.4,
		"random_density_offset": true,
		"simplex_surface_noise": true,
		"island_noise_override": false,
		"amplified": false
	}
}
